{
    "3": {
        "mean": 3.0845271052551396e-05,
        "var": 4.0520180252521803e-14,
        "CI_low": 3.040710456564799e-05,
        "CI_high": 3.1204973377817416e-05,
        "CI_width": 7.978688121694273e-07
    },
    "10": {
        "mean": 3.084819427780397e-05,
        "var": 1.1426844647199488e-13,
        "CI_low": 3.0107535720095202e-05,
        "CI_high": 3.149581411877031e-05,
        "CI_width": 1.3882783986751095e-06
    },
    "30": {
        "mean": 3.0822528613317124e-05,
        "var": 1.4324427504721843e-13,
        "CI_low": 3.0038503586443924e-05,
        "CI_high": 3.1546728366607546e-05,
        "CI_width": 1.5082247801636221e-06
    },
    "100": {
        "mean": 3.0841119529094506e-05,
        "var": 1.6606832219200365e-13,
        "CI_low": 2.999786122529606e-05,
        "CI_high": 3.155815342009129e-05,
        "CI_width": 1.5602921947952339e-06
    }
}