{
  "3": {
    "In-hospital_extension_of_antibiotics": {
      "Discharge": [
        0.0008824286497284284,
        0.5908646117683225
      ],
      "Analgesic_rescue": [
        0.003371366581773172,
        0.6186166338053111
      ],
      "Ambulation": [
        0.35504685932420615,
        0.9927241803196762
      ]
    },
    "Ambulation": {
      "Analgesic_rescue": [
        0.0031595700263974402,
        0.6168123663627512
      ],
      "Discharge": [
        0.0031595700263974402,
        0.6168123663627512
      ],
      "Rehabilitation": [
        0.33325398731449474,
        0.9883082203562256
      ]
    },
    "Rehabilitation": {
      "In-hospital_extension_of_antibiotics": [
        0.00892968615812939,
        0.6537672988026535
      ],
      "Discharge": [
        0.0319019047958074,
        0.7319859846767405
      ],
      "Analgesic_rescue": [
        0.20065152629144417,
        0.9342696797242427
      ]
    },
    "Pre-admission_MRI": {
      "Request_for_allograft_before_admission": [
        0.015235885680516814,
        0.6811914007841877
      ],
      "Surgical_consents": [
        0.31880859921581217,
        0.9847641143194831
      ]
    },
    "Verification_of_surgical_informed_consent": {
      "Verification_of_informed_consent_for_allograft": [
        0.01169177964377438,
        0.6667460126855052
      ],
      "Verification_of_fasting_for_surgery": [
        0.33325398731449474,
        0.9883082203562256
      ]
    },
    "Checking_the_surgical_wound": {
      "Ambulation": [
        0.01169177964377438,
        0.6667460126855052
      ],
      "Dressing_staining": [
        0.33325398731449474,
        0.9883082203562256
      ]
    },
    "Request_for_allograft_before_admission": {
      "Surgical_consents": [
        0.43849391955098227,
        1.0
      ]
    },
    "Verification_of_informed_consent_for_allograft": {
      "Verification_of_fasting_for_surgery": [
        0.43849391955098227,
        1.0
      ]
    },
    "Analgesic_rescue": {
      "Discharge": [
        0.43849391955098227,
        1.0
      ]
    },
    "Dressing_staining": {
      "In-hospital_extension_of_antibiotics": [
        0.43849391955098227,
        1.0
      ]
    },
    "Surgical_consents": {
      "Pre-anesthetic_evaluation_in_consultations": [
        0.43849391955098227,
        1.0
      ]
    },
    "Pre-anesthetic_evaluation_in_consultations": {
      "Verification_of_anesthesia_evaluationin-hospital_request": [
        0.43849391955098227,
        1.0
      ]
    },
    "Verification_of_anesthesia_evaluationin-hospital_request": {
      "Medication_regimen_and_antibiotic_induction": [
        0.43849391955098227,
        1.0
      ]
    },
    "Medication_regimen_and_antibiotic_induction": {
      "Verification_of_surgical_informed_consent": [
        0.43849391955098227,
        1.0
      ]
    },
    "Verification_of_fasting_for_surgery": {
      "Antibiotics_during_surgery": [
        0.43849391955098227,
        1.0
      ]
    },
    "Antibiotics_during_surgery": {
      "Surgical_protocol": [
        0.43849391955098227,
        1.0
      ]
    },
    "Surgical_protocol": {
      "Low_Molecular_Weight_Heparin_(LMWH)_post-surgery": [
        0.43849391955098227,
        1.0
      ]
    },
    "Low_Molecular_Weight_Heparin_(LMWH)_post-surgery": {
      "Antibiotics_post-surgery": [
        0.43849391955098227,
        1.0
      ]
    },
    "Antibiotics_post-surgery": {
      "Removal_of_drain_on_the_first_day": [
        0.43849391955098227,
        1.0
      ]
    },
    "Removal_of_drain_on_the_first_day": {
      "Checking_the_surgical_wound": [
        0.43849391955098227,
        1.0
      ]
    }
  },
  "10": {
    "In-hospital_extension_of_antibiotics": {
      "Discharge": [
        0.0026455097927886306,
        0.32471947492095776
      ],
      "Analgesic_rescue": [
        0.009341330694021766,
        0.3678484699668545
      ],
      "Ambulation": [
        0.5919318175668252,
        0.9810535658251686
      ]
    },
    "Ambulation": {
      "Analgesic_rescue": [
        0.00879532071000741,
        0.3650728255543936
      ],
      "Discharge": [
        0.00879532071000741,
        0.3650728255543936
      ],
      "Rehabilitation": [
        0.5589228897493991,
        0.9708809864884155
      ]
    },
    "Rehabilitation": {
      "In-hospital_extension_of_antibiotics": [
        0.02282313376991152,
        0.42143853451210117
      ],
      "Discharge": [
        0.07128886052197145,
        0.5396943072754374
      ],
      "Analgesic_rescue": [
        0.35690525259375955,
        0.8653900800934353
      ]
    },
    "Pre-admission_MRI": {
      "Request_for_allograft_before_admission": [
        0.0369406600517401,
        0.4628948414020714
      ],
      "Surgical_consents": [
        0.5371051585979285,
        0.9630593399482599
      ]
    },
    "Verification_of_surgical_informed_consent": {
      "Verification_of_informed_consent_for_allograft": [
        0.02911901351158455,
        0.4410771102506009
      ],
      "Verification_of_fasting_for_surgery": [
        0.5589228897493991,
        0.9708809864884155
      ]
    },
    "Checking_the_surgical_wound": {
      "Ambulation": [
        0.02911901351158455,
        0.4410771102506009
      ],
      "Dressing_staining": [
        0.5589228897493991,
        0.9708809864884155
      ]
    },
    "Request_for_allograft_before_admission": {
      "Surgical_consents": [
        0.7224598312333834,
        1.0
      ]
    },
    "Verification_of_informed_consent_for_allograft": {
      "Verification_of_fasting_for_surgery": [
        0.7224598312333834,
        1.0
      ]
    },
    "Analgesic_rescue": {
      "Discharge": [
        0.7224598312333834,
        1.0
      ]
    },
    "Dressing_staining": {
      "In-hospital_extension_of_antibiotics": [
        0.7224598312333834,
        1.0
      ]
    },
    "Surgical_consents": {
      "Pre-anesthetic_evaluation_in_consultations": [
        0.7224598312333834,
        1.0
      ]
    },
    "Pre-anesthetic_evaluation_in_consultations": {
      "Verification_of_anesthesia_evaluationin-hospital_request": [
        0.7224598312333834,
        1.0
      ]
    },
    "Verification_of_anesthesia_evaluationin-hospital_request": {
      "Medication_regimen_and_antibiotic_induction": [
        0.7224598312333834,
        1.0
      ]
    },
    "Medication_regimen_and_antibiotic_induction": {
      "Verification_of_surgical_informed_consent": [
        0.7224598312333834,
        1.0
      ]
    },
    "Verification_of_fasting_for_surgery": {
      "Antibiotics_during_surgery": [
        0.7224598312333834,
        1.0
      ]
    },
    "Antibiotics_during_surgery": {
      "Surgical_protocol": [
        0.7224598312333834,
        1.0
      ]
    },
    "Surgical_protocol": {
      "Low_Molecular_Weight_Heparin_(LMWH)_post-surgery": [
        0.7224598312333834,
        1.0
      ]
    },
    "Low_Molecular_Weight_Heparin_(LMWH)_post-surgery": {
      "Antibiotics_post-surgery": [
        0.7224598312333834,
        1.0
      ]
    },
    "Antibiotics_post-surgery": {
      "Removal_of_drain_on_the_first_day": [
        0.7224598312333834,
        1.0
      ]
    },
    "Removal_of_drain_on_the_first_day": {
      "Checking_the_surgical_wound": [
        0.7224598312333834,
        1.0
      ]
    }
  },
  "30": {
    "In-hospital_extension_of_antibiotics": {
      "Discharge": [
        0.006259608194415275,
        0.16839423551396077
      ],
      "Analgesic_rescue": [
        0.019493196676100222,
        0.21629739935017386
      ],
      "Ambulation": [
        0.7394884560577305,
        0.9635841955980974
      ]
    },
    "Ambulation": {
      "Analgesic_rescue": [
        0.01847663532769335,
        0.21323817721072091
      ],
      "Discharge": [
        0.01847663532769335,
        0.21323817721072091
      ],